catalog_id,origin_time,latitude,longitude,depth_km,source_catalog,source_file,source_year,source_line,depth_quality_class,depth_quality_basis,solution_type,depth_flag,depth_standard_error_km,position_standard_error_km,defining_depth_phases,event_id,origin_time_residual_s,spatial_residual_km,depth_residual_km,review_status,agency,catalog_url
335522,1991-04-15T20:39:53.510000+00:00,-56.325,-26.829,70.0,ISC-EHB,inputs/raw/1991.hdf.gz,1991,556,L2,derived conservatively from HDF flags and ISC definitions,DEQ,x,7.11,13.63,0,701,5.7,9.122259510128224,-0.5,,,
264443,1992-11-25T12:55:27.310000+00:00,-56.265,-26.871,15.0,ISC-EHB,inputs/raw/1992.hdf.gz,1992,2041,L3,derived conservatively from HDF flags and ISC definitions,FEQ,v,0.0,15.87,0,702,-0.94,10.42104953588716,-55.0,,,
1019910,1997-04-04T02:35:46.330000+00:00,-58.036,-25.704,33.0,ISC-EHB,inputs/raw/1997.hdf.gz,1997,947,Not recovered,derived conservatively from HDF flags and ISC definitions,FEQ,i,0.0,11.18,0,705,1.53,17.064407992339444,0.0,,,
1091717,1998-04-12T21:33:38.270000+00:00,-56.217,-26.924,15.0,ISC-EHB,inputs/raw/1998.hdf.gz,1998,1097,Not recovered,derived conservatively from HDF flags and ISC definitions,FEQ,x,0.0,9.42,2,708,-9.15,8.704309803951674,-55.0,,,
1678071,1999-05-14T05:05:12.390000+00:00,-58.055,-25.553,53.3,ISC-EHB,inputs/raw/1999.hdf.gz,1999,1404,Not recovered,derived conservatively from HDF flags and ISC definitions,FEQ,i,0.0,13.42,0,711,4.19,18.2166807849021,20.299999999999997,,,
1654225,1999-07-01T18:56:03.070000+00:00,-59.098,-25.781,15.0,ISC-EHB,inputs/raw/1999.hdf.gz,1999,1880,L3,derived conservatively from HDF flags and ISC definitions,FEQ,v,0.0,11.05,0,712,-0.93,6.438099155310493,-18.0,,,
3032192,2002-05-08T15:00:03.090000+00:00,-56.373,-26.728,105.0,ISC-EHB,inputs/raw/2002.hdf.gz,2002,1298,L3,derived conservatively from HDF flags and ISC definitions,FEQ,n,0.0,7.96,0,715,9.51,27.867702457079652,72.0,,,
3229284,2002-07-18T14:26:53.130000+00:00,-58.711,-25.351,33.2,ISC-EHB,inputs/raw/2002.hdf.gz,2002,1994,L2,derived conservatively from HDF flags and ISC definitions,FEQ,h,0.0,8.71,0,716,1.5,5.081003696204623,0.20000000000000284,,,
6618865,2003-03-21T10:47:50.980000+00:00,-59.088,-25.73,44.7,ISC-EHB,inputs/raw/2003.hdf.gz,2003,725,Not recovered,derived conservatively from HDF flags and ISC definitions,FEQ, ,0.0,12.67,0,718,3.38,4.280714562087004,11.700000000000003,,,
6849167,2003-05-26T08:45:20.040000+00:00,-57.511,-25.863,45.0,ISC-EHB,inputs/raw/2003.hdf.gz,2003,1350,L3,derived conservatively from HDF flags and ISC definitions,FEQ,n,0.0,14.22,0,719,-1.73,7.982443431073668,-28.299999999999997,,,
7053795,2003-08-03T05:38:57.420000+00:00,-59.011,-25.774,20.2,ISC-EHB,inputs/raw/2003.hdf.gz,2003,2097,L2,derived conservatively from HDF flags and ISC definitions,FEQ,h,0.0,10.43,0,720,-0.13,16.219476174060866,-12.8,,,
7316402,2004-03-23T06:19:56.170000+00:00,-56.199,-27.071,42.3,ISC-EHB,inputs/raw/2004.hdf.gz,2004,822,L2,derived conservatively from HDF flags and ISC definitions,FEQ,h,0.0,11.56,0,723,-3.86,16.900488471281687,-27.700000000000003,,,
7460032,2005-01-08T07:14:35.060000+00:00,-55.325,-28.134,27.6,ISC-EHB,inputs/raw/2005.hdf.gz,2005,109,L2,derived conservatively from HDF flags and ISC definitions,FEQ,h,0.0,11.37,0,725,-0.84,2.30161893319633,-5.799999999999997,,,
7481748,2005-03-16T12:27:04+00:00,-56.225,-26.836,44.5,ISC-EHB,inputs/raw/2005.hdf.gz,2005,1394,L2,derived conservatively from HDF flags and ISC definitions,FEQ,h,0.0,7.2,0,726,-2.94,4.4031828932566555,-26.0,,,
7484528,2005-03-24T06:08:38.020000+00:00,-55.932,-27.185,64.6,ISC-EHB,inputs/raw/2005.hdf.gz,2005,1501,L2,derived conservatively from HDF flags and ISC definitions,FEQ,h,0.0,7.56,0,727,-0.47,8.89334953630888,-5.300000000000011,,,
7381529,2005-05-19T15:16:41.480000+00:00,-57.943,-25.6,58.0,ISC-EHB,inputs/raw/2005.hdf.gz,2005,2449,L2,derived conservatively from HDF flags and ISC definitions,DEQ,x,5.58,9.42,1,729,0.59,5.5600676858117035,25.0,,,
10698185,2006-04-30T03:51:29.960000+00:00,-59.681,-26.268,38.6,ISC-EHB,inputs/raw/2006.hdf.gz,2006,1438,L2,derived conservatively from HDF flags and ISC definitions,FEQ,h,0.0,5.92,2,731,1.88,7.0181312441226025,14.200000000000003,,,
10698686,2006-05-29T05:20:40.460000+00:00,-59.647,-26.396,57.1,ISC-EHB,inputs/raw/2006.hdf.gz,2006,1895,L1,derived conservatively from HDF flags and ISC definitions,DEQ,d,2.68,6.47,7,732,1.26,11.052187829606336,12.700000000000003,,,
11702441,2007-03-23T17:12:48.860000+00:00,-58.643,-25.313,6.1,ISC-EHB,inputs/raw/2007.hdf.gz,2007,1155,Not recovered,derived conservatively from HDF flags and ISC definitions,FEQ,s,0.0,10.44,0,733,-2.76,7.717278177424051,-14.4,,,
13214274,2008-02-17T19:32:06.590000+00:00,-59.09,-25.737,44.7,ISC-EHB,inputs/raw/2008.hdf.gz,2008,558,L2,derived conservatively from HDF flags and ISC definitions,DEQ,x,5.78,9.56,1,734,-2.51,4.578444675302235,11.700000000000003,,,
13439290,2009-05-02T22:27:08.350000+00:00,-59.023,-25.689,53.0,ISC-EHB,inputs/raw/2009.hdf.gz,2009,1710,L2,derived conservatively from HDF flags and ISC definitions,DEQ,x,12.51,14.31,0,736,0.43,14.073056384186932,20.0,,,
13439337,2009-05-05T06:16:07.250000+00:00,-58.731,-25.279,36.0,ISC-EHB,inputs/raw/2009.hdf.gz,2009,1735,L2,derived conservatively from HDF flags and ISC definitions,FEQ,h,0.0,4.4,0,737,-0.1,4.786965696634341,3.0,,,
13988149,2009-12-02T23:14:00.960000+00:00,-56.187,-26.879,60.1,ISC-EHB,inputs/raw/2009.hdf.gz,2009,4563,L2,derived conservatively from HDF flags and ISC definitions,DEQ,x,13.1,14.87,0,739,0.13,4.950406376946963,-9.899999999999999,,,
16168880,2011-02-20T17:37:38.250000+00:00,-59.061,-25.955,15.0,ISC-EHB,inputs/raw/2011.hdf.gz,2011,724,L3,derived conservatively from HDF flags and ISC definitions,FEQ,v,0.0,8.82,0,742,0.93,13.606114080894155,-18.0,,,
603236788,2013-06-09T00:21:34.580000+00:00,-58.778,-25.382,34.8,ISC-EHB,inputs/raw/2013.hdf.gz,2013,2918,L2,derived conservatively from HDF flags and ISC definitions,FEQ,h,0.0,3.51,0,745,-0.06,18.107901040041025,14.299999999999997,,,
604480858,2014-04-24T12:46:05.730000+00:00,-59.592,-26.258,11.8,ISC-EHB,inputs/raw/2014.hdf.gz,2014,2073,L1,derived conservatively from HDF flags and ISC definitions,DEQ,d,2.9,8.24,6,747,-3.93,8.76168587914383,-12.599999999999998,,,
606855730,2015-03-19T03:49:21.750000+00:00,-55.433,-28.367,18.5,ISC-EHB,inputs/raw/2015.hdf.gz,2015,1202,L2,derived conservatively from HDF flags and ISC definitions,FEQ,h,0.0,5.15,0,749,-1.81,20.6177691696764,-14.899999999999999,,,
607264419,2015-05-24T21:06:41.660000+00:00,-59.662,-26.454,46.1,ISC-EHB,inputs/raw/2015.hdf.gz,2015,2432,L2,derived conservatively from HDF flags and ISC definitions,FEQ,h,0.0,3.89,0,750,0.52,14.687165945770069,1.7000000000000028,,,
608484810,2016-03-15T13:35:18.950000+00:00,-56.066,-27.263,52.9,ISC-EHB,inputs/raw/2016.hdf.gz,2016,1085,L2,derived conservatively from HDF flags and ISC definitions,DEQ,x,7.49,8.68,0,752,1.21,14.603815202491994,-17.000000000000007,,,
609394320,2016-08-27T04:51:04.630000+00:00,-56.304,-26.935,55.6,ISC-EHB,inputs/raw/2016.hdf.gz,2016,3950,L1,derived conservatively from HDF flags and ISC definitions,DEQ,d,2.26,5.08,9,753,-0.83,11.520249336323673,-14.899999999999999,,,
610101944,2017-01-18T14:52:55.950000+00:00,-57.562,-26.099,48.0,ISC-EHB,inputs/raw/2017.hdf.gz,2017,354,L1,derived conservatively from HDF flags and ISC definitions,DEQ,d,2.45,5.83,5,754,-0.85,7.217305157268683,-25.299999999999997,,,
610760974,2017-06-20T12:54:34.930000+00:00,-56.271,-27.089,52.1,ISC-EHB,inputs/raw/2017.hdf.gz,2017,3110,L1,derived conservatively from HDF flags and ISC definitions,DEQ,d,2.53,4.55,6,757,-0.98,20.531493397366567,-17.9,,,
611604437,2017-12-15T21:53:20.830000+00:00,-56.343,-26.803,61.2,ISC-EHB,inputs/raw/2017.hdf.gz,2017,6560,L1,derived conservatively from HDF flags and ISC definitions,DEQ,d,4.02,6.7,4,758,0.97,26.215307675058135,28.200000000000003,,,
87937,1995-08-08T04:37:57.480000+00:00,-55.977,-27.154,63.4,ISC-EHB,inputs/raw/1995.hdf.gz,1995,2487,Not recovered,derived conservatively from HDF flags and ISC definitions,FEQ,i,0.0,13.1,0,801,1.65,4.810921825820297,-6.500000000000007,,,
80526,1995-10-24T09:25:40.030000+00:00,-56.369,-26.745,78.5,ISC-EHB,inputs/raw/1995.hdf.gz,1995,3355,Not recovered,derived conservatively from HDF flags and ISC definitions,FEQ,i,0.0,8.92,0,802,6.95,27.697366495484307,45.5,,,
7489092,2005-04-01T22:43:21.630000+00:00,-57.424,-25.938,49.0,ISC-EHB,inputs/raw/2005.hdf.gz,2005,1731,Not recovered,derived conservatively from HDF flags and ISC definitions,FEQ,i,0.0,10.44,0,811,-1.14,12.71360342457688,-24.299999999999997,,,
15641517,2010-08-02T04:18:04.480000+00:00,-57.454,-25.872,54.0,ISC-EHB,inputs/raw/2010.hdf.gz,2010,3210,Not recovered,derived conservatively from HDF flags and ISC definitions,FEQ,i,0.0,9.04,0,822,0.22,11.40173867778956,-19.299999999999997,,,
603343883,2013-08-23T00:59:37.630000+00:00,-58.014,-25.608,74.0,ISC-EHB,inputs/raw/2013.hdf.gz,2013,3903,L2,derived conservatively from HDF flags and ISC definitions,DEQ,x,8.62,10.06,0,829,1.08,13.465079160690188,41.0,,,
603750252,2013-10-19T13:43:46.160000+00:00,-56.305,-26.798,64.9,ISC-EHB,inputs/raw/2013.hdf.gz,2013,4821,L2,derived conservatively from HDF flags and ISC definitions,DEQ,x,13.14,15.14,0,830,-0.15,22.30277907321202,31.900000000000006,,,
612848314,2018-09-04T14:37:49.730000+00:00,-58.002,-25.603,43.1,ISC-EHB,inputs/raw/2018.hdf.gz,2018,5038,L1,derived conservatively from HDF flags and ISC definitions,DEQ,d,2.99,5.95,4,843,0.81,12.122562002271685,10.100000000000001,,,
617628256,2020-02-14T09:55:27.790000+00:00,-58.999,-25.589,32.4,ISC-EHB,inputs/raw/2020.hdf.gz,2020,889,Not recovered,derived conservatively from HDF flags and ISC definitions,DEQ,x,3.54,5.31,2,845,-0.8,9.47737431291748,-0.6000000000000014,,,
618757196,2020-07-11T18:58:06.110000+00:00,-59.048,-25.736,52.1,ISC-EHB,inputs/raw/2020.hdf.gz,2020,3688,L1,derived conservatively from HDF flags and ISC definitions,DEQ,d,2.36,3.72,6,848,-0.39,1.0531357783596225,19.1,,,
us7000g8fw,2022-01-02T08:30:46.266000+00:00,-58.7064,-25.2481,35,USGS-ComCat,inputs/raw/usgs_852.json,2022,,Not recovered,ComCat summary has no ISC-EHB depth class,,,,,,852,-0.004,2.569289305812793,2,reviewed,us,https://earthquake.usgs.gov/earthquakes/eventpage/us7000g8fw
us7000ga77,2022-01-08T15:56:06.741000+00:00,-58.8471,-25.1434,10,USGS-ComCat,inputs/raw/usgs_853.json,2022,,Not recovered,ComCat summary has no ISC-EHB depth class,,,,,,853,0.001,21.69167356922958,-10.5,reviewed,us,https://earthquake.usgs.gov/earthquakes/eventpage/us7000ga77
us6000h2wz,2022-03-07T23:25:40.208000+00:00,-59.0811,-25.7858,35,USGS-ComCat,inputs/raw/usgs_854.json,2022,,Not recovered,ComCat summary has no ISC-EHB depth class,,,,,,854,-0.002,5.194067441562142,2,reviewed,us,https://earthquake.usgs.gov/earthquakes/eventpage/us6000h2wz
us7000hem5,2022-05-30T06:40:20.729000+00:00,-57.6282,-25.8732,53.29,USGS-ComCat,inputs/raw/usgs_857.json,2022,,Not recovered,ComCat summary has no ISC-EHB depth class,,,,,,857,-0.001,12.451950335331672,-20.009999999999998,reviewed,us,https://earthquake.usgs.gov/earthquakes/eventpage/us7000hem5
us6000iinw,2022-09-10T11:14:35.686000+00:00,-58.7681,-25.2097,34.201,USGS-ComCat,inputs/raw/usgs_858.json,2022,,Not recovered,ComCat summary has no ISC-EHB depth class,,,,,,858,-0.004,9.671436951622406,1.2010000000000005,reviewed,us,https://earthquake.usgs.gov/earthquakes/eventpage/us6000iinw
us6000ittv,2022-10-15T00:12:35.059000+00:00,-59.1057,-25.595,38.897,USGS-ComCat,inputs/raw/usgs_859.json,2022,,Not recovered,ComCat summary has no ISC-EHB depth class,,,,,,859,-0.001,9.367834915706345,5.8969999999999985,reviewed,us,https://earthquake.usgs.gov/earthquakes/eventpage/us6000ittv
us6000j8es,2022-12-10T12:01:47.583000+00:00,-56.3417,-26.8518,78.794,USGS-ComCat,inputs/raw/usgs_860.json,2022,,Not recovered,ComCat summary has no ISC-EHB depth class,,,,,,860,0.003,27.492435752883324,45.794,reviewed,us,https://earthquake.usgs.gov/earthquakes/eventpage/us6000j8es
us6000j9pd,2022-12-16T10:47:50.125000+00:00,-58.7849,-25.2723,35,USGS-ComCat,inputs/raw/usgs_861.json,2022,,Not recovered,ComCat summary has no ISC-EHB depth class,,,,,,861,-0.005,15.585154561439039,14.5,reviewed,us,https://earthquake.usgs.gov/earthquakes/eventpage/us6000j9pd
us7000j2tv,2023-01-07T16:18:55.214000+00:00,-56.2146,-27.033,62.042,USGS-ComCat,inputs/raw/usgs_862.json,2023,,Not recovered,ComCat summary has no ISC-EHB depth class,,,,,,862,0.004,14.918402302934357,-7.957999999999998,reviewed,us,https://earthquake.usgs.gov/earthquakes/eventpage/us7000j2tv
us6000lbte,2023-09-29T22:36:09.681000+00:00,-57.9717,-25.4371,35,USGS-ComCat,inputs/raw/usgs_904.json,2023,,Not recovered,ComCat summary has no ISC-EHB depth class,,,,,,904,0.001,12.958930039319906,2,reviewed,us,https://earthquake.usgs.gov/earthquakes/eventpage/us6000lbte
us6000lfly,2023-10-14T22:10:05.326000+00:00,-58.9822,-25.6543,52.429,USGS-ComCat,inputs/raw/usgs_905.json,2023,,Not recovered,ComCat summary has no ISC-EHB depth class,,,,,,905,-0.004,9.19081747523068,19.429000000000002,reviewed,us,https://earthquake.usgs.gov/earthquakes/eventpage/us6000lfly
us6000lh8l,2023-10-22T03:03:21.791000+00:00,-58.7558,-25.2864,31.585,USGS-ComCat,inputs/raw/usgs_906.json,2023,,Not recovered,ComCat summary has no ISC-EHB depth class,,,,,,906,0.001,12.950975603353399,11.085,reviewed,us,https://earthquake.usgs.gov/earthquakes/eventpage/us6000lh8l
us6000lqzq,2023-11-27T05:13:09.821000+00:00,-57.5055,-25.9301,62.11,USGS-ComCat,inputs/raw/usgs_909.json,2023,,Not recovered,ComCat summary has no ISC-EHB depth class,,,,,,909,0.001,4.809322764079644,-11.189999999999998,reviewed,us,https://earthquake.usgs.gov/earthquakes/eventpage/us6000lqzq
us7000lfxr,2023-12-03T19:11:01.928000+00:00,-58.7806,-25.2882,33.827,USGS-ComCat,inputs/raw/usgs_911.json,2023,,Not recovered,ComCat summary has no ISC-EHB depth class,,,,,,911,-0.002,15.479859021526101,13.326999999999998,reviewed,us,https://earthquake.usgs.gov/earthquakes/eventpage/us7000lfxr
us6000mk65,2024-03-21T02:47:21.923000+00:00,-59.0115,-25.6366,43.89,USGS-ComCat,inputs/raw/usgs_916.json,2024,,Not recovered,ComCat summary has no ISC-EHB depth class,,,,,,916,-0.077,6.326150250134715,10.89,reviewed,us,https://earthquake.usgs.gov/earthquakes/eventpage/us6000mk65
us6000mt07,2024-04-22T17:21:22.541000+00:00,-58.7238,-25.3084,28.657,USGS-ComCat,inputs/raw/usgs_917.json,2024,,Not recovered,ComCat summary has no ISC-EHB depth class,,,,,,917,-0.459,10.778603883386625,8.157,reviewed,us,https://earthquake.usgs.gov/earthquakes/eventpage/us6000mt07
us7000n0sy,2024-07-22T06:53:57.724000+00:00,-56.0256,-27.2919,56.531,USGS-ComCat,inputs/raw/usgs_919.json,2024,,Not recovered,ComCat summary has no ISC-EHB depth class,,,,,,919,-0.276,14.043766076677558,-13.369000000000007,reviewed,us,https://earthquake.usgs.gov/earthquakes/eventpage/us7000n0sy
